{
  "project_info": {
    "project_number": "1069023003542",
    "firebase_url": "https://emenu-app.firebaseio.com",
    "project_id": "emenu-app",
    "storage_bucket": "emenu-app.appspot.com"
  },
  "client": [
    {
      "client_info": {
        "mobilesdk_app_id": "1:1069023003542:android:68058e481f48c279",
        "android_client_info": {
          "package_name": "com.malik.e_menu"
        }
      },
      "oauth_client": [
        {
          "client_id": "1069023003542-27sgi6f9riqbf96v57nm57oco1sdk78r.apps.googleusercontent.com",
          "client_type": 3
        }
      ],
      "api_key": [
        {
          "current_key": "AIzaSyBWNN-U7TsC5tssW0ULHgbc_7DD9H0YxlM"
        }
      ],
      "services": {
        "analytics_service": {
          "status": 1
        },
        "appinvite_service": {
          "status": 1,
          "other_platform_oauth_client": []
        },
        "ads_service": {
          "status": 2
        }
      }
    }
  ],
  "configuration_version": "1"
}