<component name="libraryTable">
  <library name="Gradle: com.android.support:support-core-utils-27.1.1">
    <CLASSES>
      <root url="jar://$USER_HOME$/.gradle/caches/transforms-1/files-1.1/support-core-utils-27.1.1.aar/9b2577196ded070e1e716b31b4facb81/jars/classes.jar!/" />
      <root url="file://$USER_HOME$/.gradle/caches/transforms-1/files-1.1/support-core-utils-27.1.1.aar/9b2577196ded070e1e716b31b4facb81/res" />
    </CLASSES>
    <JAVADOC />
    <SOURCES>
      <root url="jar://$USER_HOME$/.gradle/caches/modules-2/files-2.1/com.android.support/support-core-utils/27.1.1/8fb37fd2f8dbc23482865700d2c340ae030ea561/support-core-utils-27.1.1-sources.jar!/" />
    </SOURCES>
  </library>
</component>