<component name="libraryTable">
  <library name="Gradle: android.arch.lifecycle:runtime-1.1.0">
    <CLASSES>
      <root url="file://$USER_HOME$/.gradle/caches/transforms-1/files-1.1/runtime-1.1.0.aar/35441db293caaf010a6f67433d95f7c9/res" />
      <root url="jar://$USER_HOME$/.gradle/caches/transforms-1/files-1.1/runtime-1.1.0.aar/35441db293caaf010a6f67433d95f7c9/jars/classes.jar!/" />
    </CLASSES>
    <JAVADOC />
    <SOURCES>
      <root url="jar://$USER_HOME$/.gradle/caches/modules-2/files-2.1/android.arch.lifecycle/runtime/1.1.0/a4b0d6b8e8f51c8f95d5a0641f81ffc13ab406c7/runtime-1.1.0-sources.jar!/" />
    </SOURCES>
  </library>
</component>