<component name="libraryTable">
  <library name="Gradle: com.android.support:animated-vector-drawable-27.1.1">
    <CLASSES>
      <root url="file://$USER_HOME$/.gradle/caches/transforms-1/files-1.1/animated-vector-drawable-27.1.1.aar/f7d5d20c59af83db541cd6bdd0e7dd5a/res" />
      <root url="jar://$USER_HOME$/.gradle/caches/transforms-1/files-1.1/animated-vector-drawable-27.1.1.aar/f7d5d20c59af83db541cd6bdd0e7dd5a/jars/classes.jar!/" />
    </CLASSES>
    <JAVADOC />
    <SOURCES>
      <root url="jar://$USER_HOME$/.gradle/caches/modules-2/files-2.1/com.android.support/animated-vector-drawable/27.1.1/a8f4121ade2fdfcc5cb20290a05333239fee05d7/animated-vector-drawable-27.1.1-sources.jar!/" />
    </SOURCES>
  </library>
</component>