<component name="libraryTable">
  <library name="Gradle: android.arch.lifecycle:livedata-core-1.1.0">
    <CLASSES>
      <root url="jar://$USER_HOME$/.gradle/caches/transforms-1/files-1.1/livedata-core-1.1.0.aar/6f45d82d5357b1ebaf0244b71faa08f2/jars/classes.jar!/" />
      <root url="file://$USER_HOME$/.gradle/caches/transforms-1/files-1.1/livedata-core-1.1.0.aar/6f45d82d5357b1ebaf0244b71faa08f2/res" />
    </CLASSES>
    <JAVADOC />
    <SOURCES>
      <root url="jar://$USER_HOME$/.gradle/caches/modules-2/files-2.1/android.arch.lifecycle/livedata-core/1.1.0/300f89e645a95de0bdc6d8833beeee6e3045df06/livedata-core-1.1.0-sources.jar!/" />
    </SOURCES>
  </library>
</component>