<component name="libraryTable">
  <library name="Gradle: com.android.support.constraint:constraint-layout-1.1.2">
    <CLASSES>
      <root url="jar://$USER_HOME$/.gradle/caches/transforms-1/files-1.1/constraint-layout-1.1.2.aar/885f2abd6d77865a6e14ff6164d8529a/jars/classes.jar!/" />
      <root url="file://$USER_HOME$/.gradle/caches/transforms-1/files-1.1/constraint-layout-1.1.2.aar/885f2abd6d77865a6e14ff6164d8529a/res" />
    </CLASSES>
    <JAVADOC />
    <SOURCES />
  </library>
</component>