<component name="libraryTable">
  <library name="Gradle: android.arch.core:runtime-1.1.0">
    <CLASSES>
      <root url="file://$USER_HOME$/.gradle/caches/transforms-1/files-1.1/runtime-1.1.0.aar/c3298059f8d2cb5d5a5a184d79edb22f/res" />
      <root url="jar://$USER_HOME$/.gradle/caches/transforms-1/files-1.1/runtime-1.1.0.aar/c3298059f8d2cb5d5a5a184d79edb22f/jars/classes.jar!/" />
    </CLASSES>
    <JAVADOC />
    <SOURCES>
      <root url="jar://$USER_HOME$/.gradle/caches/modules-2/files-2.1/android.arch.core/runtime/1.1.0/62944187d3ae3e7a4644b50da4e7b63c605a696/runtime-1.1.0-sources.jar!/" />
    </SOURCES>
  </library>
</component>