<component name="libraryTable">
  <library name="Gradle: com.android.support:appcompat-v7-27.1.1">
    <CLASSES>
      <root url="file://$USER_HOME$/.gradle/caches/transforms-1/files-1.1/appcompat-v7-27.1.1.aar/3d84e988cd8e1200e17a54b7ae09dc69/res" />
      <root url="jar://$USER_HOME$/.gradle/caches/transforms-1/files-1.1/appcompat-v7-27.1.1.aar/3d84e988cd8e1200e17a54b7ae09dc69/jars/classes.jar!/" />
    </CLASSES>
    <JAVADOC />
    <SOURCES>
      <root url="jar://$USER_HOME$/.gradle/caches/modules-2/files-2.1/com.android.support/appcompat-v7/27.1.1/21d073509c5f8d25a1bf274067fa729a1fba8d75/appcompat-v7-27.1.1-sources.jar!/" />
    </SOURCES>
  </library>
</component>