<component name="libraryTable">
  <library name="Gradle: android.arch.core:common:1.1.0@jar">
    <CLASSES>
      <root url="jar://$USER_HOME$/.gradle/caches/modules-2/files-2.1/android.arch.core/common/1.1.0/8007981f7d7540d89cd18471b8e5dcd2b4f99167/common-1.1.0.jar!/" />
    </CLASSES>
    <JAVADOC />
    <SOURCES>
      <root url="jar://$USER_HOME$/.gradle/caches/modules-2/files-2.1/android.arch.core/common/1.1.0/f211e8f994b67f7ae2a1bc06e4f7b974ec72ee50/common-1.1.0-sources.jar!/" />
    </SOURCES>
  </library>
</component>