<component name="libraryTable">
  <library name="Gradle: com.android.support:design-27.1.1">
    <CLASSES>
      <root url="file://$USER_HOME$/.gradle/caches/transforms-1/files-1.1/design-27.1.1.aar/30bffa27bf158bb2b373d5d7b5022c83/res" />
      <root url="jar://$USER_HOME$/.gradle/caches/transforms-1/files-1.1/design-27.1.1.aar/30bffa27bf158bb2b373d5d7b5022c83/jars/classes.jar!/" />
    </CLASSES>
    <JAVADOC />
    <SOURCES>
      <root url="jar://$USER_HOME$/.gradle/caches/modules-2/files-2.1/com.android.support/design/27.1.1/6e10c7f954f63690f7846fb22352375cf1b9fbb4/design-27.1.1-sources.jar!/" />
    </SOURCES>
  </library>
</component>