<component name="libraryTable">
  <library name="Gradle: com.android.support:recyclerview-v7-27.1.1">
    <CLASSES>
      <root url="jar://$USER_HOME$/.gradle/caches/transforms-1/files-1.1/recyclerview-v7-27.1.1.aar/b0da840e4d6875d9fe04de1b1ef56d45/jars/classes.jar!/" />
      <root url="file://$USER_HOME$/.gradle/caches/transforms-1/files-1.1/recyclerview-v7-27.1.1.aar/b0da840e4d6875d9fe04de1b1ef56d45/res" />
    </CLASSES>
    <JAVADOC />
    <SOURCES>
      <root url="jar://$USER_HOME$/.gradle/caches/modules-2/files-2.1/com.android.support/recyclerview-v7/27.1.1/ad225a74247e675db0b05ea4f8b17202acbb7f9d/recyclerview-v7-27.1.1-sources.jar!/" />
    </SOURCES>
  </library>
</component>