<component name="libraryTable">
  <library name="Gradle: com.android.support:support-media-compat-27.1.1">
    <CLASSES>
      <root url="jar://$USER_HOME$/.gradle/caches/transforms-1/files-1.1/support-media-compat-27.1.1.aar/6d1fad8dbbfc0fb9c2d5fcbf08f6c051/jars/classes.jar!/" />
      <root url="file://$USER_HOME$/.gradle/caches/transforms-1/files-1.1/support-media-compat-27.1.1.aar/6d1fad8dbbfc0fb9c2d5fcbf08f6c051/res" />
    </CLASSES>
    <JAVADOC />
    <SOURCES>
      <root url="jar://$USER_HOME$/.gradle/caches/modules-2/files-2.1/com.android.support/support-media-compat/27.1.1/3ab3f968d7cd675d2f97e67a3e9fc0ac63618f46/support-media-compat-27.1.1-sources.jar!/" />
    </SOURCES>
  </library>
</component>