<component name="libraryTable">
  <library name="Gradle: com.android.support:support-core-ui-27.1.1">
    <CLASSES>
      <root url="jar://$USER_HOME$/.gradle/caches/transforms-1/files-1.1/support-core-ui-27.1.1.aar/64d5dcb9e2d55c7a091d446b8e7040bc/jars/classes.jar!/" />
      <root url="file://$USER_HOME$/.gradle/caches/transforms-1/files-1.1/support-core-ui-27.1.1.aar/64d5dcb9e2d55c7a091d446b8e7040bc/res" />
    </CLASSES>
    <JAVADOC />
    <SOURCES>
      <root url="jar://$USER_HOME$/.gradle/caches/modules-2/files-2.1/com.android.support/support-core-ui/27.1.1/266c369a3227be5afec33e11c964472269ff2a7c/support-core-ui-27.1.1-sources.jar!/" />
    </SOURCES>
  </library>
</component>