<component name="libraryTable">
  <library name="Gradle: com.android.support:support-fragment-27.1.1">
    <CLASSES>
      <root url="file://$USER_HOME$/.gradle/caches/transforms-1/files-1.1/support-fragment-27.1.1.aar/8821170f132b339f396bb33d740115b9/res" />
      <root url="jar://$USER_HOME$/.gradle/caches/transforms-1/files-1.1/support-fragment-27.1.1.aar/8821170f132b339f396bb33d740115b9/jars/classes.jar!/" />
    </CLASSES>
    <JAVADOC />
    <SOURCES>
      <root url="jar://$USER_HOME$/.gradle/caches/modules-2/files-2.1/com.android.support/support-fragment/27.1.1/94732bda44fba11302c58e459b7c1f47e7521bf9/support-fragment-27.1.1-sources.jar!/" />
    </SOURCES>
  </library>
</component>