<component name="libraryTable">
  <library name="Gradle: com.android.support:transition-27.1.1">
    <CLASSES>
      <root url="file://$USER_HOME$/.gradle/caches/transforms-1/files-1.1/transition-27.1.1.aar/9d0435ff591a360c95712ad344b12b9c/res" />
      <root url="jar://$USER_HOME$/.gradle/caches/transforms-1/files-1.1/transition-27.1.1.aar/9d0435ff591a360c95712ad344b12b9c/jars/classes.jar!/" />
    </CLASSES>
    <JAVADOC />
    <SOURCES>
      <root url="jar://$USER_HOME$/.gradle/caches/modules-2/files-2.1/com.android.support/transition/27.1.1/88ebe6765790253d410e51a3952571565f2040e9/transition-27.1.1-sources.jar!/" />
    </SOURCES>
  </library>
</component>