<component name="libraryTable">
  <library name="Gradle: com.android.support:support-vector-drawable-27.1.1">
    <CLASSES>
      <root url="jar://$USER_HOME$/.gradle/caches/transforms-1/files-1.1/support-vector-drawable-27.1.1.aar/70578bb4d5d562301108438fb9462f2c/jars/classes.jar!/" />
      <root url="file://$USER_HOME$/.gradle/caches/transforms-1/files-1.1/support-vector-drawable-27.1.1.aar/70578bb4d5d562301108438fb9462f2c/res" />
    </CLASSES>
    <JAVADOC />
    <SOURCES>
      <root url="jar://$USER_HOME$/.gradle/caches/modules-2/files-2.1/com.android.support/support-vector-drawable/27.1.1/4b29cf2106c95afb3432bb0c4ec5a91e959717b2/support-vector-drawable-27.1.1-sources.jar!/" />
    </SOURCES>
  </library>
</component>