<component name="libraryTable">
  <library name="Gradle: android.arch.lifecycle:viewmodel-1.1.0">
    <CLASSES>
      <root url="jar://$USER_HOME$/.gradle/caches/transforms-1/files-1.1/viewmodel-1.1.0.aar/063403cc68690d4462eb8c23766259ed/jars/classes.jar!/" />
      <root url="file://$USER_HOME$/.gradle/caches/transforms-1/files-1.1/viewmodel-1.1.0.aar/063403cc68690d4462eb8c23766259ed/res" />
    </CLASSES>
    <JAVADOC />
    <SOURCES>
      <root url="jar://$USER_HOME$/.gradle/caches/modules-2/files-2.1/android.arch.lifecycle/viewmodel/1.1.0/e4c0c5d65f92ccad0b0148ac2f01b540ac7a711e/viewmodel-1.1.0-sources.jar!/" />
    </SOURCES>
  </library>
</component>